id,glottocode,lang,idiom,type,value,value_source,annotation,source,page,comment,check_reference
1,saga1261,Tsez,Sagada,village,i,i,vowel,wilson2021,388,,
2,saga1261,Tsez,Sagada,village,iː,ī,vowel,wilson2021,388,,
3,saga1261,Tsez,Sagada,village,e,e,vowel,wilson2021,388,,
4,saga1261,Tsez,Sagada,village,eː,ē,vowel,wilson2021,388,,
5,saga1261,Tsez,Sagada,village,a,a,vowel,wilson2021,388,,
6,saga1261,Tsez,Sagada,village,aː,ā,vowel,wilson2021,388,,
7,saga1261,Tsez,Sagada,village,u,u,vowel,wilson2021,388,,
8,saga1261,Tsez,Sagada,village,uː,ū,vowel,wilson2021,388,,
9,saga1261,Tsez,Sagada,village,o,o,vowel,wilson2021,388,,
10,saga1261,Tsez,Sagada,village,oː,ō,vowel,wilson2021,388,,
11,saga1261,Tsez,Sagada,village,p,p,consonant,wilson2021,388,,
12,saga1261,Tsez,Sagada,village,p’,p’,consonant,wilson2021,388,,
13,saga1261,Tsez,Sagada,village,b,b,consonant,wilson2021,388,,
14,saga1261,Tsez,Sagada,village,t,t,consonant,wilson2021,388,,
15,saga1261,Tsez,Sagada,village,t’,t’,consonant,wilson2021,388,,
16,saga1261,Tsez,Sagada,village,d,d,consonant,wilson2021,388,,
17,saga1261,Tsez,Sagada,village,k,k,consonant,wilson2021,388,,
18,saga1261,Tsez,Sagada,village,k’,k’,consonant,wilson2021,388,,
19,saga1261,Tsez,Sagada,village,ɡ,g,consonant,wilson2021,388,,
20,saga1261,Tsez,Sagada,village,q,q,consonant,wilson2021,388,,
21,saga1261,Tsez,Sagada,village,q’,q’,consonant,wilson2021,388,,
22,saga1261,Tsez,Sagada,village,ʔ,ʔ,consonant,wilson2021,388,,
23,saga1261,Tsez,Sagada,village,f,f,consonant,wilson2021,388,,
24,saga1261,Tsez,Sagada,village,s,s,consonant,wilson2021,388,,
25,saga1261,Tsez,Sagada,village,z,z,consonant,wilson2021,388,,
26,saga1261,Tsez,Sagada,village,ɬ,ɬ,consonant,wilson2021,388,,
27,saga1261,Tsez,Sagada,village,ʃ,š,consonant,wilson2021,388,,
28,saga1261,Tsez,Sagada,village,ʒ,ž,consonant,wilson2021,388,,
29,saga1261,Tsez,Sagada,village,χ,x,consonant,wilson2021,388,,
30,saga1261,Tsez,Sagada,village,ʁ,ɣ,consonant,wilson2021,388,,
31,saga1261,Tsez,Sagada,village,ħ,ħ,consonant,wilson2021,388,,
32,saga1261,Tsez,Sagada,village,h,h,consonant,wilson2021,388,,
33,saga1261,Tsez,Sagada,village,ts,ts,consonant,wilson2021,388,,
34,saga1261,Tsez,Sagada,village,ts’,ts’,consonant,wilson2021,388,,
35,saga1261,Tsez,Sagada,village,tʃ,tʃ,consonant,wilson2021,388,,
36,saga1261,Tsez,Sagada,village,tʃ’,tʃ’,consonant,wilson2021,388,,
37,saga1261,Tsez,Sagada,village,tɬ,tɬ,consonant,wilson2021,388,,
38,saga1261,Tsez,Sagada,village,tɬ’,tɬ’,consonant,wilson2021,388,,
39,saga1261,Tsez,Sagada,village,m,m,consonant,wilson2021,388,,
40,saga1261,Tsez,Sagada,village,n,n,consonant,wilson2021,388,,
41,saga1261,Tsez,Sagada,village,r,r,consonant,wilson2021,388,,
42,saga1261,Tsez,Sagada,village,l,l,consonant,wilson2021,388,,
43,saga1261,Tsez,Sagada,village,w,w,consonant,wilson2021,388,,
44,saga1261,Tsez,Sagada,village,j,j,consonant,wilson2021,388,,
45,chec1245,Chechen,,,b,b,consonant,nichols1994,4,,
46,chec1245,Chechen,,,d,d,consonant,nichols1994,4,,
47,chec1245,Chechen,,,dz,ʒ,consonant,nichols1994,4,,
48,chec1245,Chechen,,,dʒ,ǯ,consonant,nichols1994,4,,
49,chec1245,Chechen,,,ɡ,g,consonant,nichols1994,4,,
50,chec1245,Chechen,,,ɣ,ǧ,consonant,nichols1994,4,,
51,chec1245,Chechen,,,h,h,consonant,nichols1994,4,,
52,chec1245,Chechen,,,ʜ,ħ,consonant,nichols1994,4,,
53,chec1245,Chechen,,,j,j,consonant,nichols1994,4,,
54,chec1245,Chechen,,,k’,k’,consonant,nichols1994,4,,
55,chec1245,Chechen,,,kː,xk,consonant,nichols1994,4,,
56,chec1245,Chechen,,,kʰ,k,consonant,nichols1994,4,,
57,chec1245,Chechen,,,l,l,consonant,nichols1994,4,,
58,chec1245,Chechen,,,m,m,consonant,nichols1994,4,,
59,chec1245,Chechen,,,n,n,consonant,nichols1994,4,,
60,chec1245,Chechen,,,p’,p’,consonant,nichols1994,4,,
61,chec1245,Chechen,,,pː,pp,consonant,nichols1994,4,,
62,chec1245,Chechen,,,pʰ,p,consonant,nichols1994,4,,
63,chec1245,Chechen,,,q’,q’,consonant,nichols1994,4,,
64,chec1245,Chechen,,,qː,qq,consonant,nichols1994,4,,
65,chec1245,Chechen,,,qʰ,q,consonant,nichols1994,4,,
66,chec1245,Chechen,,,r,r,consonant,nichols1994,4,,
67,chec1245,Chechen,,,rʰ,rʰ,consonant,nichols1994,4,,
68,chec1245,Chechen,,,s,s,consonant,nichols1994,4,,
69,chec1245,Chechen,,,ʃ,š,consonant,nichols1994,4,,
70,chec1245,Chechen,,,t’,t’,consonant,nichols1994,4,,
71,chec1245,Chechen,,,tː,tt,consonant,nichols1994,4,,
72,chec1245,Chechen,,,tʰ,t,consonant,nichols1994,4,,
73,chec1245,Chechen,,,ts’,c’,consonant,nichols1994,4,,
74,chec1245,Chechen,,,ts’ː,ss,consonant,nichols1994,4,,
75,chec1245,Chechen,,,tsʰ,c,consonant,nichols1994,4,,
76,chec1245,Chechen,,,tʃ’,č’,consonant,nichols1994,4,,
77,chec1245,Chechen,,,tʃʰ,č,consonant,nichols1994,4,,
78,chec1245,Chechen,,,w,v,consonant,nichols1994,4,,
79,chec1245,Chechen,,,x,x,consonant,nichols1994,4,,
80,chec1245,Chechen,,,z,z,consonant,nichols1994,4,,
81,chec1245,Chechen,,,ʒ,ž,consonant,nichols1994,4,,
82,chec1245,Chechen,,,ʔ,ʔ,consonant,nichols1994,4,,
83,chec1245,Chechen,,,ʡ,ʕ,consonant,nichols1994,4,,
84,chec1245,Chechen,,,ie,ie,diphthong,nichols1994,5,,
85,chec1245,Chechen,,,uo,uo,diphthong,nichols1994,5,,
86,chec1245,Chechen,,,ɥø,ɥö,diphthong,nichols1994,5,,
87,chec1245,Chechen,,,a,a,vowel,nichols1994,5,,
88,chec1245,Chechen,,,aː,a:,vowel,nichols1994,5,,
89,chec1245,Chechen,,,æ,ä,vowel,nichols1994,5,,
90,chec1245,Chechen,,,æː,ä:,vowel,nichols1994,5,,
91,chec1245,Chechen,,,e,e,vowel,nichols1994,5,,
92,chec1245,Chechen,,,eː,e:,vowel,nichols1994,5,,
93,chec1245,Chechen,,,i,i,vowel,nichols1994,5,,
94,chec1245,Chechen,,,iː,i:,vowel,nichols1994,5,,
95,chec1245,Chechen,,,o,o,vowel,nichols1994,5,,
96,chec1245,Chechen,,,oː,o:,vowel,nichols1994,5,,
97,chec1245,Chechen,,,u,u,vowel,nichols1994,5,,
98,chec1245,Chechen,,,uː,u:,vowel,nichols1994,5,,
99,chec1245,Chechen,,,y,ü,vowel,nichols1994,5,,
100,chec1245,Chechen,,,yː,ü:,vowel,nichols1994,5,,
101,ingu1240,Ingush,,,b,b,consonant,nichols1994ingush,82,,
102,ingu1240,Ingush,,,d,d,consonant,nichols1994ingush,82,,
103,ingu1240,Ingush,,,dz,ʒ,consonant,nichols1994ingush,82,,
104,ingu1240,Ingush,,,dʒ,ǯ,consonant,nichols1994ingush,82,,
105,ingu1240,Ingush,,,ɡ,g,consonant,nichols1994ingush,82,,
106,ingu1240,Ingush,,,ɣ,ǧ,consonant,nichols1994ingush,82,,
107,ingu1240,Ingush,,,h,h,consonant,nichols1994ingush,82,,
108,ingu1240,Ingush,,,ʜ,ħ,consonant,nichols1994ingush,82,,
109,ingu1240,Ingush,,,j,j,consonant,nichols1994ingush,82,,
110,ingu1240,Ingush,,,k’,k’,consonant,nichols1994ingush,82,,
111,ingu1240,Ingush,,,kʰ,k,consonant,nichols1994ingush,82,,
112,ingu1240,Ingush,,,l,l,consonant,nichols1994ingush,82,,
113,ingu1240,Ingush,,,m,m,consonant,nichols1994ingush,82,,
114,ingu1240,Ingush,,,n,n,consonant,nichols1994ingush,82,,
115,ingu1240,Ingush,,,p’,p’,consonant,nichols1994ingush,82,,
116,ingu1240,Ingush,,,pʰ,p,consonant,nichols1994ingush,82,,
117,ingu1240,Ingush,,,q’,q’,consonant,nichols1994ingush,82,,
118,ingu1240,Ingush,,,qʰ,q,consonant,nichols1994ingush,82,,
119,ingu1240,Ingush,,,r,r,consonant,nichols1994ingush,82,,
120,ingu1240,Ingush,,,rʰ,rʰ,consonant,nichols1994ingush,82,,
121,ingu1240,Ingush,,,s,s,consonant,nichols1994ingush,82,,
122,ingu1240,Ingush,,,ʃ,š,consonant,nichols1994ingush,82,,
123,ingu1240,Ingush,,,t’,t’,consonant,nichols1994ingush,82,,
124,ingu1240,Ingush,,,tʰ,t,consonant,nichols1994ingush,82,,
125,ingu1240,Ingush,,,ts’,c’,consonant,nichols1994ingush,82,,
126,ingu1240,Ingush,,,tsʰ,c,consonant,nichols1994ingush,82,,
127,ingu1240,Ingush,,,tʃ’,č’,consonant,nichols1994ingush,82,,
128,ingu1240,Ingush,,,tʃʰ,č,consonant,nichols1994ingush,82,,
129,ingu1240,Ingush,,,w,v,consonant,nichols1994ingush,82,,
130,ingu1240,Ingush,,,x,x,consonant,nichols1994ingush,82,,
131,ingu1240,Ingush,,,z,z,consonant,nichols1994ingush,82,,
132,ingu1240,Ingush,,,ʒ,ž,consonant,nichols1994ingush,82,,
133,ingu1240,Ingush,,,ʔ,ʔ,consonant,nichols1994ingush,82,,
134,ingu1240,Ingush,,,ʡ,ع,consonant,nichols1994ingush,82,,
135,ingu1240,Ingush,,,ea,ea,diphthong,nichols1994ingush,82,,
136,ingu1240,Ingush,,,ie,ie,diphthong,nichols1994ingush,82,,
137,ingu1240,Ingush,,,oa,oa,diphthong,nichols1994ingush,82,,
138,ingu1240,Ingush,,,uo,uo,diphthong,nichols1994ingush,82,,
139,ingu1240,Ingush,,,a,a,vowel,nichols1994ingush,82,,
140,ingu1240,Ingush,,,aː,a:,vowel,nichols1994ingush,82,,
141,ingu1240,Ingush,,,æ,ä,vowel,nichols1994ingush,82,,
142,ingu1240,Ingush,,,e,e,vowel,nichols1994ingush,82,,
143,ingu1240,Ingush,,,i,i,vowel,nichols1994ingush,82,,
144,ingu1240,Ingush,,,iː,i:,vowel,nichols1994ingush,82,,
145,ingu1240,Ingush,,,ɨ,ɨ,vowel,nichols1994ingush,82,,
146,ingu1240,Ingush,,,o,o,vowel,nichols1994ingush,82,,
147,ingu1240,Ingush,,,u,u,vowel,nichols1994ingush,82,,
148,ingu1240,Ingush,,,uː,u:,vowel,nichols1994ingush,82,,
149,bats1242,Bats,,,b,b,consonant,holiskygagua1994,150,,
150,bats1242,Bats,,,d,d,consonant,holiskygagua1994,150,,
151,bats1242,Bats,,,dz,ʒ,consonant,holiskygagua1994,150,,
152,bats1242,Bats,,,dʒ,ǯ,consonant,holiskygagua1994,150,,
153,bats1242,Bats,,,ɡ,g,consonant,holiskygagua1994,150,,
154,bats1242,Bats,,,ɣ,ǧ,consonant,holiskygagua1994,150,,
155,bats1242,Bats,,,h,h,consonant,holiskygagua1994,150,,
156,bats1242,Bats,,,ħ,h (crossed),consonant,holiskygagua1994,150,,
157,bats1242,Bats,,,j,j,consonant,holiskygagua1994,150,,
158,bats1242,Bats,,,k’,k’,consonant,holiskygagua1994,150,,
159,bats1242,Bats,,,kʰ,k,consonant,holiskygagua1994,150,,
160,bats1242,Bats,,,l,l,consonant,holiskygagua1994,150,,
161,bats1242,Bats,,,lː,l:,consonant,holiskygagua1994,150,,
162,bats1242,Bats,,,ɬ,ɫ,consonant,holiskygagua1994,150,,
163,bats1242,Bats,,,m,m,consonant,holiskygagua1994,150,,
164,bats1242,Bats,,,n,n,consonant,holiskygagua1994,150,,
165,bats1242,Bats,,,p’,p’,consonant,holiskygagua1994,150,,
166,bats1242,Bats,,,pʰ,p,consonant,holiskygagua1994,150,,
167,bats1242,Bats,,,q’,q’,consonant,holiskygagua1994,150,,
168,bats1242,Bats,,,q’ː,q’:,consonant,holiskygagua1994,150,,
169,bats1242,Bats,,,qː,q:,consonant,holiskygagua1994,150,,
170,bats1242,Bats,,,qʰ,q,consonant,holiskygagua1994,150,,
171,bats1242,Bats,,,r,r,consonant,holiskygagua1994,150,,
172,bats1242,Bats,,,s,s,consonant,holiskygagua1994,150,,
173,bats1242,Bats,,,sː,s:,consonant,holiskygagua1994,150,,
174,bats1242,Bats,,,ʃ,š,consonant,holiskygagua1994,150,,
175,bats1242,Bats,,,t’,t’,consonant,holiskygagua1994,150,,
176,bats1242,Bats,,,t’ː,t’:,consonant,holiskygagua1994,150,,
177,bats1242,Bats,,,tː,t:,consonant,holiskygagua1994,150,,
178,bats1242,Bats,,,tʰ,t,consonant,holiskygagua1994,150,,
179,bats1242,Bats,,,ts’,c’,consonant,holiskygagua1994,150,,
180,bats1242,Bats,,,tsʰ,c,consonant,holiskygagua1994,150,,
181,bats1242,Bats,,,tʃ’,č’,consonant,holiskygagua1994,150,,
182,bats1242,Bats,,,tʃʰ,č,consonant,holiskygagua1994,150,,
183,bats1242,Bats,,,v,v,consonant,holiskygagua1994,150,,
184,bats1242,Bats,,,x,x,consonant,holiskygagua1994,150,,
185,bats1242,Bats,,,xː,x:,consonant,holiskygagua1994,150,,
186,bats1242,Bats,,,z,z,consonant,holiskygagua1994,150,,
187,bats1242,Bats,,,ʒ,ž,consonant,holiskygagua1994,150,,
188,bats1242,Bats,,,ʔ,ʔ,consonant,holiskygagua1994,150,,
189,bats1242,Bats,,,ʕ,ʕ,consonant,holiskygagua1994,150,,
190,bats1242,Bats,,,ai,ai,diphthong,holiskygagua1994,150,,
191,bats1242,Bats,,,au,au,diphthong,holiskygagua1994,150,,
192,bats1242,Bats,,,ei,ei,diphthong,holiskygagua1994,150,,
193,bats1242,Bats,,,oi,oi,diphthong,holiskygagua1994,150,,
194,bats1242,Bats,,,ou,ou,diphthong,holiskygagua1994,150,,
195,bats1242,Bats,,,ui,ui,diphthong,holiskygagua1994,150,,
196,bats1242,Bats,,,a,a,vowel,holiskygagua1994,150,,
197,bats1242,Bats,,,aː,a:,vowel,holiskygagua1994,150,,
198,bats1242,Bats,,,e,e,vowel,holiskygagua1994,150,,
199,bats1242,Bats,,,eː,e:,vowel,holiskygagua1994,150,,
200,bats1242,Bats,,,i,i,vowel,holiskygagua1994,150,,
201,bats1242,Bats,,,iː,i:,vowel,holiskygagua1994,150,,
202,bats1242,Bats,,,o,o,vowel,holiskygagua1994,150,,
203,bats1242,Bats,,,oː,o:,vowel,holiskygagua1994,150,,
204,bats1242,Bats,,,u,u,vowel,holiskygagua1994,150,,
205,mege1234,Dargwa,Mehweb,,b,b,consonant,moroz2017,22–34,,
206,mege1234,Dargwa,Mehweb,,d,d,consonant,moroz2017,22–34,,
207,mege1234,Dargwa,Mehweb,,dz,ʒ,consonant,moroz2017,22–34,"у автора дан в скобках: аллофон z, есть в речи только старшего поколения",
208,mege1234,Dargwa,Mehweb,,dʒ,ǯ,consonant,moroz2017,22–34,"у автора дан в скобках: аллофон ž, есть в речи только старшего поколения",
209,mege1234,Dargwa,Mehweb,,ɡ,ɡ,consonant,moroz2017,22–34,,
210,mege1234,Dargwa,Mehweb,,ɡʷ,ɡʷ,consonant,moroz2017,22–34,,
211,mege1234,Dargwa,Mehweb,,ɣ,ɣ,consonant,moroz2017,22–34,у автора дан в скобках: it is attested only initially in a few roots and only in the speech of older consultants,
212,mege1234,Dargwa,Mehweb,,h,h,consonant,moroz2017,22–34,,
213,mege1234,Dargwa,Mehweb,,ħ,ħ,consonant,moroz2017,22–34,The segments ʔ and ħ are never followed or preceded by a pharyngealized vowel,
214,mege1234,Dargwa,Mehweb,,hʷ,hʷ,consonant,moroz2017,22–34,,
215,mege1234,Dargwa,Mehweb,,ħʷ,ħʷ,consonant,moroz2017,22–34,,
216,mege1234,Dargwa,Mehweb,,ʜ,ʜ,consonant,moroz2017,22–34,у автора дан в скобках: in non-final position is in most cases followed or/and preceded by a pharyngealized vowel,
217,mege1234,Dargwa,Mehweb,,ʜʷ,ʜʷ,consonant,moroz2017,22–34,у автора дан в скобках,
218,mege1234,Dargwa,Mehweb,,ɦ,ɦ,consonant,moroz2017,22–34,у автора дан в скобках: some older speakers occasionally produce voiced glottal fricative instead of voiceless [h] in intervocalic position,
219,mege1234,Dargwa,Mehweb,,j,j,consonant,moroz2017,22–34,,
220,mege1234,Dargwa,Mehweb,,k',k',consonant,moroz2017,22–34,,
221,mege1234,Dargwa,Mehweb,,k'ʷ,k'ʷ,consonant,moroz2017,22–34,,
222,mege1234,Dargwa,Mehweb,,kʰ,k,consonant,moroz2017,22–34,,
223,mege1234,Dargwa,Mehweb,,kʰʷ,kʷ,consonant,moroz2017,22–34,,
224,mege1234,Dargwa,Mehweb,,l,l,consonant,moroz2017,22–34,,
225,mege1234,Dargwa,Mehweb,,m,m,consonant,moroz2017,22–34,,
226,mege1234,Dargwa,Mehweb,,n,n,consonant,moroz2017,22–34,,
227,mege1234,Dargwa,Mehweb,,p',p',consonant,moroz2017,22–34,,
228,mege1234,Dargwa,Mehweb,,pʰ,p,consonant,moroz2017,22–34,,
229,mege1234,Dargwa,Mehweb,,q',q',consonant,moroz2017,22–34,,
230,mege1234,Dargwa,Mehweb,,q'ʷ,q'ʷ,consonant,moroz2017,22–34,,
231,mege1234,Dargwa,Mehweb,,qʰ,q,consonant,moroz2017,22–34,,
232,mege1234,Dargwa,Mehweb,,qʰʷ,qʷ,consonant,moroz2017,22–34,,
233,mege1234,Dargwa,Mehweb,,r,r,consonant,moroz2017,22–34,,
234,mege1234,Dargwa,Mehweb,,ʁ,ʁ,consonant,moroz2017,22–34,,
235,mege1234,Dargwa,Mehweb,,ʁʷ,ʁʷ,consonant,moroz2017,22–34,,
236,mege1234,Dargwa,Mehweb,,s,s,consonant,moroz2017,22–34,,
237,mege1234,Dargwa,Mehweb,,ʃ,š,consonant,moroz2017,22–34,,
238,mege1234,Dargwa,Mehweb,,t',t',consonant,moroz2017,22–34,,
239,mege1234,Dargwa,Mehweb,,tʰ,t,consonant,moroz2017,22–34,,
240,mege1234,Dargwa,Mehweb,,ts',c',consonant,moroz2017,22–34,,
241,mege1234,Dargwa,Mehweb,,tsʰ,с,consonant,moroz2017,22–34,,
242,mege1234,Dargwa,Mehweb,,tʃ',č',consonant,moroz2017,22–34,,
243,mege1234,Dargwa,Mehweb,,tʃʰ,č,consonant,moroz2017,22–34,,
244,mege1234,Dargwa,Mehweb,,w,w,consonant,moroz2017,22–34,,
245,mege1234,Dargwa,Mehweb,,x,x,consonant,moroz2017,22–34,,
246,mege1234,Dargwa,Mehweb,,z,z,consonant,moroz2017,22–34,,
247,mege1234,Dargwa,Mehweb,,ʒ,ž,consonant,moroz2017,22–34,,
248,mege1234,Dargwa,Mehweb,,ʔ,ʔ,consonant,moroz2017,22–34,glottal stop is usually deleted in initial and intervocalic position. The segments ʔ and ħ are never followed or preceded by a pharyngealized vowel,
249,mege1234,Dargwa,Mehweb,,ʔʷ,ʔʷ,consonant,moroz2017,22–34,,
250,mege1234,Dargwa,Mehweb,,ʡ,ʡ,consonant,moroz2017,22–34,у автора дан в скобках: in non-final position is in most cases followed or/and preceded by a pharyngealized vowel,
251,mege1234,Dargwa,Mehweb,,ʡʷ,ʡʷ,consonant,moroz2017,22–34,у автора даны в скобках,
252,mege1234,Dargwa,Mehweb,,χ,χ,consonant,moroz2017,22–34,,
253,mege1234,Dargwa,Mehweb,,χʷ,χʷ,consonant,moroz2017,22–34,,
254,mege1234,Dargwa,Mehweb,,a,a,vowel,moroz2017,22–34,,
255,mege1234,Dargwa,Mehweb,,aˤ,aˤ,vowel,moroz2017,22–34,,
256,mege1234,Dargwa,Mehweb,,e,e,vowel,moroz2017,22–34,,
257,mege1234,Dargwa,Mehweb,,eˤ,eˤ,vowel,moroz2017,22–34,у автора в скобках: attested in very few words,
258,mege1234,Dargwa,Mehweb,,i,i,vowel,moroz2017,22–34,,
259,mege1234,Dargwa,Mehweb,,iˤ,iˤ,vowel,moroz2017,22–34,у автора в скобках: only attested in very few words,
260,mege1234,Dargwa,Mehweb,,oˤ,oˤ,vowel,moroz2017,22–34,,
261,mege1234,Dargwa,Mehweb,,u,u,vowel,moroz2017,22–34,,
262,mege1234,Dargwa,Mehweb,,uˤ,uˤ,vowel,moroz2017,22–34,у автора в скобках: occurs as a variant of???,
263,ghod1238,Godoberi,,,b,b,consonant,morozdraft2021,2,,
264,ghod1238,Godoberi,,,d,d,consonant,morozdraft2021,2,,
265,ghod1238,Godoberi,,,dʒ,ǯ,consonant,morozdraft2021,2,,
266,ghod1238,Godoberi,,,ɡ,g,consonant,morozdraft2021,2,,
267,ghod1238,Godoberi,,,h,h,consonant,morozdraft2021,2,,
268,ghod1238,Godoberi,,,ħ,ħ,consonant,morozdraft2021,2,,
269,ghod1238,Godoberi,,,j,j,consonant,morozdraft2021,2,,
270,ghod1238,Godoberi,,,k’,k’,consonant,morozdraft2021,2,,
271,ghod1238,Godoberi,,,k’ː,k’:,consonant,morozdraft2021,2,,
272,ghod1238,Godoberi,,,kː,k:,consonant,morozdraft2021,2,,
273,ghod1238,Godoberi,,,kʰ,k,consonant,morozdraft2021,2,,
274,ghod1238,Godoberi,,,l,l,consonant,morozdraft2021,2,,
275,ghod1238,Godoberi,,,ɬ,ɬ,consonant,morozdraft2021,2,,
276,ghod1238,Godoberi,,,ɬː,ɬ:,consonant,morozdraft2021,2,,
277,ghod1238,Godoberi,,,m,m,consonant,morozdraft2021,2,,
278,ghod1238,Godoberi,,,n,n,consonant,morozdraft2021,2,,
279,ghod1238,Godoberi,,,pʰ,p,consonant,morozdraft2021,2,,
280,ghod1238,Godoberi,,,q’,q’,consonant,morozdraft2021,2,,
281,ghod1238,Godoberi,,,qʰ,q,consonant,morozdraft2021,2,,
282,ghod1238,Godoberi,,,r,r,consonant,morozdraft2021,2,,
283,ghod1238,Godoberi,,,ʁ,ʁ,consonant,morozdraft2021,2,,
284,ghod1238,Godoberi,,,s,s,consonant,morozdraft2021,2,,
285,ghod1238,Godoberi,,,sː,s:,consonant,morozdraft2021,2,,
286,ghod1238,Godoberi,,,ʃ,ʃ,consonant,morozdraft2021,2,,
287,ghod1238,Godoberi,,,ʃː,ʃ:,consonant,morozdraft2021,2,,
288,ghod1238,Godoberi,,,t’,t’,consonant,morozdraft2021,2,,
289,ghod1238,Godoberi,,,tʰ,t,consonant,morozdraft2021,2,,
290,ghod1238,Godoberi,,,tɬ,ƛ,consonant,morozdraft2021,2,,
291,ghod1238,Godoberi,,,tɬ’,ƛ’,consonant,morozdraft2021,2,,
292,ghod1238,Godoberi,,,ts,c,consonant,morozdraft2021,2,,
293,ghod1238,Godoberi,,,ts’,c’,consonant,morozdraft2021,2,,
294,ghod1238,Godoberi,,,ts’ː,c’ː,consonant,morozdraft2021,2,,
295,ghod1238,Godoberi,,,tsː,cː,consonant,morozdraft2021,2,,
296,ghod1238,Godoberi,,,tʃ,č’,consonant,morozdraft2021,2,,
297,ghod1238,Godoberi,,,tʃ’,č’,consonant,morozdraft2021,2,,
298,ghod1238,Godoberi,,,tʃ’ː,č’ː,consonant,morozdraft2021,2,,
299,ghod1238,Godoberi,,,tʃː,čː,consonant,morozdraft2021,2,,
300,ghod1238,Godoberi,,,w,w,consonant,morozdraft2021,2,,
301,ghod1238,Godoberi,,,x,x,consonant,morozdraft2021,2,,
302,ghod1238,Godoberi,,,ʒ,ž,consonant,morozdraft2021,2,,
303,ghod1238,Godoberi,,,ʔ,ʔ,consonant,morozdraft2021,2,,
304,ghod1238,Godoberi,,,ʕ,ʕ,consonant,morozdraft2021,2,,
305,ghod1238,Godoberi,,,χ,χ,consonant,morozdraft2021,2,,
306,ghod1238,Godoberi,,,χː,χ:,consonant,morozdraft2021,2,,
307,ghod1238,Godoberi,,,a,a,vowel,morozdraft2021,2,,
308,ghod1238,Godoberi,,,aː,a:,vowel,morozdraft2021,2,,
309,ghod1238,Godoberi,,,aⁿ,ã,vowel,morozdraft2021,2,,
310,ghod1238,Godoberi,,,e,e,vowel,morozdraft2021,2,,
311,ghod1238,Godoberi,,,eː,e:,vowel,morozdraft2021,2,,
312,ghod1238,Godoberi,,,I,I,vowel,morozdraft2021,2,,
313,ghod1238,Godoberi,,,iː,i:,vowel,morozdraft2021,2,,
314,ghod1238,Godoberi,,,iⁿ,ĩ,vowel,morozdraft2021,2,,
315,ghod1238,Godoberi,,,o,o,vowel,morozdraft2021,2,,
316,ghod1238,Godoberi,,,oː,o:,vowel,morozdraft2021,2,,
317,ghod1238,Godoberi,,,u,u,vowel,morozdraft2021,2,,
318,ghod1238,Godoberi,,,uː,u:,vowel,morozdraft2021,2,,
319,ghod1238,Godoberi,,,uⁿ,ũ,vowel,morozdraft2021,2,,
320,kara1474,Karata,,,b,b,consonant,magomedbekova1971,12--18,,
321,kara1474,Karata,,,ç,x~,consonant,magomedbekova1971,12--18,,
322,kara1474,Karata,,,d,d,consonant,magomedbekova1971,12--18,,
323,kara1474,Karata,,,dʒ,ǯ,consonant,magomedbekova1971,12--18,,
324,kara1474,Karata,,,ɡ,g,consonant,magomedbekova1971,12--18,,
325,kara1474,Karata,,,ɣ,ɣ,consonant,magomedbekova1971,12--18,,
326,kara1474,Karata,,,j,j,consonant,magomedbekova1971,12--18,,
327,kara1474,Karata,,,k’,ḳ,consonant,magomedbekova1971,12--18,,
328,kara1474,Karata,,,k’ː,ḳᵊ,consonant,magomedbekova1971,12--18,,
329,kara1474,Karata,,,kː,kᵊ,consonant,magomedbekova1971,12--18,,
330,kara1474,Karata,,,kʰ,k,consonant,magomedbekova1971,12--18,,
331,kara1474,Karata,,,l,l,consonant,magomedbekova1971,12--18,,
332,kara1474,Karata,,,ɬ,l’,consonant,magomedbekova1971,12--18,,
333,kara1474,Karata,,,ɬː,l’ᵊ,consonant,magomedbekova1971,12--18,,
334,kara1474,Karata,,,m,m,consonant,magomedbekova1971,12--18,,
335,kara1474,Karata,,,n,n,consonant,magomedbekova1971,12--18,,
336,kara1474,Karata,,,p’,p̣,consonant,magomedbekova1971,12--18,,
337,kara1474,Karata,,,pʰ,p,consonant,magomedbekova1971,12--18,,
338,kara1474,Karata,,,q’,q̣,consonant,magomedbekova1971,12--18,,
339,kara1474,Karata,,,qʰ,q,consonant,magomedbekova1971,12--18,,
340,kara1474,Karata,,,r,r,consonant,magomedbekova1971,12--18,,
341,kara1474,Karata,,,ʁ,ω,consonant,magomedbekova1971,12--18,,
342,kara1474,Karata,,,s,s,consonant,magomedbekova1971,12--18,,
343,kara1474,Karata,,,sː,sᵊ,consonant,magomedbekova1971,12--18,,
344,kara1474,Karata,,,ʃ,š,consonant,magomedbekova1971,12--18,,
345,kara1474,Karata,,,ʃː,šᵊ,consonant,magomedbekova1971,12--18,,
346,kara1474,Karata,,,t’,ṭ,consonant,magomedbekova1971,12--18,,
347,kara1474,Karata,,,tʰ,t,consonant,magomedbekova1971,12--18,,
348,kara1474,Karata,,,tɬ’,ṭ’,consonant,magomedbekova1971,12--18,,
349,kara1474,Karata,,,tɬ’ː,ṭᵊ,consonant,magomedbekova1971,12--18,,
350,kara1474,Karata,,,tɬː,l’,consonant,magomedbekova1971,12--18,,
351,kara1474,Karata,,,ts’,c̣,consonant,magomedbekova1971,12--18,,
352,kara1474,Karata,,,ts’ː,c̣ᵊ,consonant,magomedbekova1971,12--18,,
353,kara1474,Karata,,,tsː,cᵊ,consonant,magomedbekova1971,12--18,,
354,kara1474,Karata,,,tsʰ,c,consonant,magomedbekova1971,12--18,,
355,kara1474,Karata,,,tʃ’,č̣,consonant,magomedbekova1971,12--18,,
356,kara1474,Karata,,,tʃ’ː,č̣ᵊ,consonant,magomedbekova1971,12--18,,
357,kara1474,Karata,,,tʃː,čᵊ,consonant,magomedbekova1971,12--18,,
358,kara1474,Karata,,,tʃʰ,č,consonant,magomedbekova1971,12--18,,
359,kara1474,Karata,,,w,w,consonant,magomedbekova1971,12--18,,
360,kara1474,Karata,,,x,x,consonant,magomedbekova1971,12--18,,
361,kara1474,Karata,,,xː,xᵊ,consonant,magomedbekova1971,12--18,,
362,kara1474,Karata,,,z,z,consonant,magomedbekova1971,12--18,,
363,kara1474,Karata,,,ʒ,ž,consonant,magomedbekova1971,12--18,,
364,kara1474,Karata,,,ʔ,',consonant,magomedbekova1971,12--18,,
365,kara1474,Karata,,,χ,h,consonant,magomedbekova1971,12--18,,
366,kara1474,Karata,,,χː,hᵊ,consonant,magomedbekova1971,12--18,,
367,kara1474,Karata,,,a,a,vowel,magomedbekova1971,12--18,,
368,kara1474,Karata,,,æ,ä,vowel,magomedbekova1971,12--18,,
369,kara1474,Karata,,,aⁿ,aⁿ,vowel,magomedbekova1971,12--18,,
370,kara1474,Karata,,,e,e,vowel,magomedbekova1971,12--18,,
371,kara1474,Karata,,,eⁿ,eⁿ,vowel,magomedbekova1971,12--18,,
372,kara1474,Karata,,,i,i,vowel,magomedbekova1971,12--18,,
373,kara1474,Karata,,,iⁿ,iⁿ,vowel,magomedbekova1971,12--18,,
374,kara1474,Karata,,,o,o,vowel,magomedbekova1971,12--18,,
375,kara1474,Karata,,,oⁿ,oⁿ,vowel,magomedbekova1971,12--18,,
376,kara1474,Karata,,,u,u,vowel,magomedbekova1971,12--18,,
377,kara1474,Karata,,,uⁿ,uⁿ,vowel,magomedbekova1971,12--18,,
378,hinu1240,Hinuq,,,i,ɪ,vowel,forker2013,23,"The lax vowels [I], [Y], [U], and [O] have the tense variants [i], [y], [u], and [o]. The distribution of lax and tense vowels is not entirely clear. There is a tendency for stressed and/or long vowels to be tense (11).",
379,hinu1240,Hinuq,,,y,ʏ,vowel,forker2013,23,"The lax vowels [I], [Y], [U], and [O] have the tense variants [i], [y], [u], and [o]. The distribution of lax and tense vowels is not entirely clear. There is a tendency for stressed and/or long vowels to be tense (11).

The vowel /ü/ has only been preserved by some older speakers. Younger speakers replace /ü/ with /i/ or very occasionally with /u/.",
380,hinu1240,Hinuq,,,e,ɛ,vowel,forker2013,23,,
381,hinu1240,Hinuq,,,a,a,vowel,forker2013,23,,
382,hinu1240,Hinuq,,,u,ʊ,vowel,forker2013,23,"The lax vowels [I], [Y], [U], and [O] have the tense variants [i], [y], [u], and [o]. The distribution of lax and tense vowels is not entirely clear. There is a tendency for stressed and/or long vowels to be tense (11).",
383,hinu1240,Hinuq,,,o,ɔ,vowel,forker2013,23,,
384,hinu1240,Hinuq,,,ui,ʊɪ,diphthong,forker2013,24--25,,
385,hinu1240,Hinuq,,,ai,aɪ,diphthong,forker2013,24--25,,
386,hinu1240,Hinuq,,,oi,ɔɪ,diphthong,forker2013,24--25,,
387,hinu1240,Hinuq,,,ei,ɛɪ,diphthong,forker2013,24--25,,
388,hinu1240,Hinuq,,,au,aʊ,diphthong,forker2013,24--25,,
389,hinu1240,Hinuq,,,ou,ɔʊ,diphthong,forker2013,24--25,,
390,hinu1240,Hinuq,,,iː,ɪː,vowel,forker2013,25--26,,
391,hinu1240,Hinuq,,,yː,ʏː,vowel,forker2013,25--26,,
392,hinu1240,Hinuq,,,eː,ɛː,vowel,forker2013,25--26,,
393,hinu1240,Hinuq,,,aː,aː,vowel,forker2013,25--26,,
394,hinu1240,Hinuq,,,uː,ʊː,vowel,forker2013,25--26,,
395,hinu1240,Hinuq,,,oː,ɔː,vowel,forker2013,25--26,,
396,hinu1240,Hinuq,,,eˤ,ʡɛ,vowel,forker2013,26--27,"Furthermore, it is difficult to differentiate between the pharyngeal (or epiglot- tal) stop /Ü/ and pharyngealization as a type of secondary articulation indicated by Ü . For instance, in the examples listed in (20) the vowel sounds like the vowels in loans that are preceded by /Ü/. Hinuq has many such loans from Avar.",
397,hinu1240,Hinuq,,,aˤ,ʡa,vowel,forker2013,26--27,"Furthermore, it is difficult to differentiate between the pharyngeal (or epiglot- tal) stop /Ü/ and pharyngealization as a type of secondary articulation indicated by Ü . For instance, in the examples listed in (20) the vowel sounds like the vowels in loans that are preceded by /Ü/. Hinuq has many such loans from Avar.",
398,hinu1240,Hinuq,,,iˤ,ʡɪ,vowel,forker2013,26--27,"Furthermore, it is difficult to differentiate between the pharyngeal (or epiglot- tal) stop /Ü/ and pharyngealization as a type of secondary articulation indicated by Ü . For instance, in the examples listed in (20) the vowel sounds like the vowels in loans that are preceded by /Ü/. Hinuq has many such loans from Avar.",
399,hinu1240,Hinuq,,,p,p,consonant,forker2013,29,,
400,hinu1240,Hinuq,,,p’,p’,consonant,forker2013,29,,
401,hinu1240,Hinuq,,,b,b,consonant,forker2013,29,,
402,hinu1240,Hinuq,,,t,t,consonant,forker2013,29,,
403,hinu1240,Hinuq,,,t’,t’,consonant,forker2013,29,,
404,hinu1240,Hinuq,,,d,d,consonant,forker2013,29,,
405,hinu1240,Hinuq,,,k,k,consonant,forker2013,29,,
406,hinu1240,Hinuq,,,k’,k’,consonant,forker2013,29,,
407,hinu1240,Hinuq,,,ɡ,g,consonant,forker2013,29,,
408,hinu1240,Hinuq,,,kʷ,kʷ,consonant,forker2013,29,,
409,hinu1240,Hinuq,,,k’ʷ,k’ʷ,consonant,forker2013,29,,
410,hinu1240,Hinuq,,,ɡʷ,gʷ,consonant,forker2013,29,,
411,hinu1240,Hinuq,,,q,q,consonant,forker2013,29,,
412,hinu1240,Hinuq,,,q’,q’,consonant,forker2013,29,,
413,hinu1240,Hinuq,,,qʷ,qʷ,consonant,forker2013,29,,
414,hinu1240,Hinuq,,,q’ʷ,q’ʷ,consonant,forker2013,29,,
415,hinu1240,Hinuq,,,ʡ,ʡ,consonant,forker2013,29,,
416,hinu1240,Hinuq,,,ʔ,ʔ,consonant,forker2013,29,,
417,hinu1240,Hinuq,,,f,f,consonant,forker2013,29,,
418,hinu1240,Hinuq,,,s,s,consonant,forker2013,29,,
419,hinu1240,Hinuq,,,z,z,consonant,forker2013,29,,
420,hinu1240,Hinuq,,,ɬ,ɬ,consonant,forker2013,29,,
421,hinu1240,Hinuq,,,ʃ,ʃ,consonant,forker2013,29,,
422,hinu1240,Hinuq,,,ʒ,ʒ,consonant,forker2013,29,,
423,hinu1240,Hinuq,,,χ,χ,consonant,forker2013,29,,
424,hinu1240,Hinuq,,,ʁ,ʁ,consonant,forker2013,29,,
425,hinu1240,Hinuq,,,χʷ,χʷ,consonant,forker2013,29,,
426,hinu1240,Hinuq,,,ʁʷ,ʁʷ,consonant,forker2013,29,,
427,hinu1240,Hinuq,,,ħ,ħ,consonant,forker2013,29,,
428,hinu1240,Hinuq,,,h,h,consonant,forker2013,29,,
429,hinu1240,Hinuq,,,ts,ts,consonant,forker2013,29,,
430,hinu1240,Hinuq,,,ts’,ts’,consonant,forker2013,29,,
431,hinu1240,Hinuq,,,tɬ,tɬ,consonant,forker2013,29,,
432,hinu1240,Hinuq,,,tɬ’,tɬ’,consonant,forker2013,29,,
433,hinu1240,Hinuq,,,tʃ,tʃ,consonant,forker2013,29,,
434,hinu1240,Hinuq,,,tʃ’,tʃ’,consonant,forker2013,29,,
435,hinu1240,Hinuq,,,m,m,consonant,forker2013,29,,
436,hinu1240,Hinuq,,,n,n,consonant,forker2013,29,,
437,hinu1240,Hinuq,,,r,r,consonant,forker2013,29,,
438,hinu1240,Hinuq,,,l,l,consonant,forker2013,29,,
439,hinu1240,Hinuq,,,w,w,consonant,forker2013,29,,
440,hinu1240,Hinuq,,,j,j,consonant,forker2013,29,,
441,bezh1248,Bezhta,,,i,и,vowel,comrieetal2015,42,,TRUE
442,bezh1248,Bezhta,,,e,е (э),vowel,comrieetal2015,42,,TRUE
443,bezh1248,Bezhta,,,u,у,vowel,comrieetal2015,42,,TRUE
444,bezh1248,Bezhta,,,o,о,vowel,comrieetal2015,42,,TRUE
445,bezh1248,Bezhta,,,a,а,vowel,comrieetal2015,42,,TRUE
446,bezh1248,Bezhta,,,iː,ӣ,vowel,comrieetal2015,42,,TRUE
447,bezh1248,Bezhta,,,eː,е̄,vowel,comrieetal2015,42,,TRUE
448,bezh1248,Bezhta,,,uː,ӯ,vowel,comrieetal2015,42,,TRUE
449,bezh1248,Bezhta,,,oː,о̄,vowel,comrieetal2015,42,,TRUE
450,bezh1248,Bezhta,,,aː,а̄,vowel,comrieetal2015,42,,TRUE
451,bezh1248,Bezhta,,,y,уь,vowel,comrieetal2015,42,,TRUE
452,bezh1248,Bezhta,,,ø,оь,vowel,comrieetal2015,42,,TRUE
453,bezh1248,Bezhta,,,æ,аь,vowel,comrieetal2015,42,,TRUE
454,bezh1248,Bezhta,,,yː,уь̄,vowel,comrieetal2015,42,,TRUE
455,bezh1248,Bezhta,,,øː,оь̄,vowel,comrieetal2015,42,,TRUE
456,bezh1248,Bezhta,,,æː,аь̄,vowel,comrieetal2015,42,,TRUE
457,bezh1248,Bezhta,,,iⁿ,ин,vowel,comrieetal2015,42,,TRUE
458,bezh1248,Bezhta,,,eⁿ,ен,vowel,comrieetal2015,42,,TRUE
459,bezh1248,Bezhta,,,uⁿ,ун,vowel,comrieetal2015,42,,TRUE
460,bezh1248,Bezhta,,,oⁿ,он,vowel,comrieetal2015,42,,TRUE
461,bezh1248,Bezhta,,,aⁿ,ан,vowel,comrieetal2015,42,,TRUE
462,bezh1248,Bezhta,,,iːⁿ,ин̄,vowel,comrieetal2015,42,,TRUE
463,bezh1248,Bezhta,,,eːⁿ,ен̄,vowel,comrieetal2015,42,,TRUE
464,bezh1248,Bezhta,,,uːⁿ,ун̄,vowel,comrieetal2015,42,,TRUE
465,bezh1248,Bezhta,,,oːⁿ,он̄,vowel,comrieetal2015,42,,TRUE
466,bezh1248,Bezhta,,,aːⁿ,ан̄,vowel,comrieetal2015,42,,TRUE
467,bezh1248,Bezhta,,,yⁿ,уьн,vowel,comrieetal2015,42,,TRUE
468,bezh1248,Bezhta,,,øⁿ,оьн,vowel,comrieetal2015,42,,TRUE
469,bezh1248,Bezhta,,,æⁿ,аьн,vowel,comrieetal2015,42,,TRUE
470,bezh1248,Bezhta,,,æːⁿ,аь̄н,vowel,comrieetal2015,42,,TRUE
471,bezh1248,Bezhta,,,aˤ,аI,vowel,comrieetal2015,41,,TRUE
472,bezh1248,Bezhta,,,oˤ,оI,vowel,comrieetal2015,41,,TRUE
473,bezh1248,Bezhta,,,p,п,consonant,comrieetal2015,86,,TRUE
474,bezh1248,Bezhta,,,p’,пI,consonant,comrieetal2015,86,,TRUE
475,bezh1248,Bezhta,,,b,б,consonant,comrieetal2015,86,,TRUE
476,bezh1248,Bezhta,,,t,т,consonant,comrieetal2015,86,,TRUE
477,bezh1248,Bezhta,,,t’,тI,consonant,comrieetal2015,86,,TRUE
478,bezh1248,Bezhta,,,d,д,consonant,comrieetal2015,86,,TRUE
479,bezh1248,Bezhta,,,k,к,consonant,comrieetal2015,86,,TRUE
480,bezh1248,Bezhta,,,k’,кI,consonant,comrieetal2015,86,,TRUE
481,bezh1248,Bezhta,,,ɡ,г,consonant,comrieetal2015,86,,TRUE
482,bezh1248,Bezhta,,,ʔ,ъ,consonant,comrieetal2015,86,,TRUE
483,bezh1248,Bezhta,,,w,в,consonant,comrieetal2015,86,,TRUE
484,bezh1248,Bezhta,,,s,с,consonant,comrieetal2015,86,,TRUE
485,bezh1248,Bezhta,,,z,з,consonant,comrieetal2015,86,,TRUE
486,bezh1248,Bezhta,,,ɬ,лъ,consonant,comrieetal2015,86,,TRUE
487,bezh1248,Bezhta,,,ʃ,ш,consonant,comrieetal2015,86,,TRUE
488,bezh1248,Bezhta,,,ʒ,ж,consonant,comrieetal2015,86,,TRUE
489,bezh1248,Bezhta,,,j,й,consonant,comrieetal2015,86,,TRUE
490,bezh1248,Bezhta,,,χ,х,consonant,comrieetal2015,86,,TRUE
491,bezh1248,Bezhta,,,ʁ,гъ,consonant,comrieetal2015,86,,TRUE
492,bezh1248,Bezhta,,,ħ,хI,consonant,comrieetal2015,86,,TRUE
493,bezh1248,Bezhta,,,ʕ,гI,consonant,comrieetal2015,86,,TRUE
494,bezh1248,Bezhta,,,h,гь,consonant,comrieetal2015,86,,TRUE
495,bezh1248,Bezhta,,,ts,ц,consonant,comrieetal2015,86,,TRUE
496,bezh1248,Bezhta,,,ts’,цI,consonant,comrieetal2015,86,,TRUE
497,bezh1248,Bezhta,,,tɬ,лI,consonant,comrieetal2015,86,,TRUE
498,bezh1248,Bezhta,,,tɬ’,кь,consonant,comrieetal2015,86,,TRUE
499,bezh1248,Bezhta,,,tʃ,ч,consonant,comrieetal2015,86,,TRUE
500,bezh1248,Bezhta,,,tʃ’,чI,consonant,comrieetal2015,86,,TRUE
501,bezh1248,Bezhta,,,qχ,хъ,consonant,comrieetal2015,86,,TRUE
502,bezh1248,Bezhta,,,qχ’,къ,consonant,comrieetal2015,86,,TRUE
503,bezh1248,Bezhta,,,m,м,consonant,comrieetal2015,86,,TRUE
504,bezh1248,Bezhta,,,n,н,consonant,comrieetal2015,86,,TRUE
505,bezh1248,Bezhta,,,l,л,consonant,comrieetal2015,86,,TRUE
506,bezh1248,Bezhta,,,r,р,consonant,comrieetal2015,86,,TRUE
507,hunz1247,Hunzib,,,i,и,vowel,isakovxalilov2001,259,,
508,hunz1247,Hunzib,,,e,е,vowel,isakovxalilov2001,259,,
509,hunz1247,Hunzib,,,ɨ,ы,vowel,isakovxalilov2001,259,,
510,hunz1247,Hunzib,,,ə,ə,vowel,isakovxalilov2001,259,,
511,hunz1247,Hunzib,,,u,у,vowel,isakovxalilov2001,259,,
512,hunz1247,Hunzib,,,o,о,vowel,isakovxalilov2001,259,,
513,hunz1247,Hunzib,,,iː,ӣ,vowel,isakovxalilov2001,259,,
514,hunz1247,Hunzib,,,eː,е̄,vowel,isakovxalilov2001,259,,
515,hunz1247,Hunzib,,,ɨː,ы̄,vowel,isakovxalilov2001,259,optional,
516,hunz1247,Hunzib,,,əː,ə̄,vowel,isakovxalilov2001,259,optional,
517,hunz1247,Hunzib,,,uː,ӯ,vowel,isakovxalilov2001,259,,
518,hunz1247,Hunzib,,,oː,о̄,vowel,isakovxalilov2001,259,,
519,hunz1247,Hunzib,,,ɑː,а̄̇,vowel,isakovxalilov2001,259,,
520,hunz1247,Hunzib,,,aː,а̄,vowel,isakovxalilov2001,259,,
521,hunz1247,Hunzib,,,ɑ,ȧ,vowel,isakovxalilov2001,259,,
522,hunz1247,Hunzib,,,a,a,vowel,isakovxalilov2001,259,,
523,hunz1247,Hunzib,,,iⁿ,ин,vowel,isakovxalilov2001,259,,
524,hunz1247,Hunzib,,,eⁿ,ен,vowel,isakovxalilov2001,259,,
525,hunz1247,Hunzib,,,ɨⁿ,ын,vowel,isakovxalilov2001,259,,
526,hunz1247,Hunzib,,,əⁿ,əн,vowel,isakovxalilov2001,259,,
527,hunz1247,Hunzib,,,uⁿ,ун,vowel,isakovxalilov2001,259,,
528,hunz1247,Hunzib,,,oⁿ,он,vowel,isakovxalilov2001,259,,
529,hunz1247,Hunzib,,,aⁿ,ан,vowel,isakovxalilov2001,259,,
530,hunz1247,Hunzib,,,ɑⁿ,а̇н,vowel,isakovxalilov2001,259,,
531,hunz1247,Hunzib,,,m,м,consonant,isakovxalilov2001,260,,
532,hunz1247,Hunzib,,,b,б,consonant,isakovxalilov2001,260,,
533,hunz1247,Hunzib,,,p,п,consonant,isakovxalilov2001,260,,
534,hunz1247,Hunzib,,,p’,пI,consonant,isakovxalilov2001,260,,
535,hunz1247,Hunzib,,,w,в,consonant,isakovxalilov2001,260,,
536,hunz1247,Hunzib,,,n,н,consonant,isakovxalilov2001,260,,
537,hunz1247,Hunzib,,,d,д,consonant,isakovxalilov2001,260,,
538,hunz1247,Hunzib,,,t,т,consonant,isakovxalilov2001,260,,
539,hunz1247,Hunzib,,,t’,тI,consonant,isakovxalilov2001,260,,
540,hunz1247,Hunzib,,,ts,ц,consonant,isakovxalilov2001,260,,
541,hunz1247,Hunzib,,,ts’,цI,consonant,isakovxalilov2001,260,,
542,hunz1247,Hunzib,,,z,з,consonant,isakovxalilov2001,260,,
543,hunz1247,Hunzib,,,s,с,consonant,isakovxalilov2001,260,,
544,hunz1247,Hunzib,,,r,р,consonant,isakovxalilov2001,260,,
545,hunz1247,Hunzib,,,tʃ,ч,consonant,isakovxalilov2001,260,,
546,hunz1247,Hunzib,,,tʃ’,чI,consonant,isakovxalilov2001,260,,
547,hunz1247,Hunzib,,,ʒ,ж,consonant,isakovxalilov2001,260,,
548,hunz1247,Hunzib,,,ʃ,ш,consonant,isakovxalilov2001,260,,
549,hunz1247,Hunzib,,,j,й,consonant,isakovxalilov2001,260,,
550,hunz1247,Hunzib,,,ɡ,г,consonant,isakovxalilov2001,260,,
551,hunz1247,Hunzib,,,k,к,consonant,isakovxalilov2001,260,,
552,hunz1247,Hunzib,,,k’,кI,consonant,isakovxalilov2001,260,,
553,hunz1247,Hunzib,,,x,хь,consonant,isakovxalilov2001,260,,
554,hunz1247,Hunzib,,,qχ,хъ,consonant,isakovxalilov2001,260,,
555,hunz1247,Hunzib,,,qχ’,къ,consonant,isakovxalilov2001,260,,
556,hunz1247,Hunzib,,,ʁ,гъ,consonant,isakovxalilov2001,260,,
557,hunz1247,Hunzib,,,χ,х,consonant,isakovxalilov2001,260,,
558,hunz1247,Hunzib,,,l,л,consonant,isakovxalilov2001,260,,
559,hunz1247,Hunzib,,,tɬ,лI,consonant,isakovxalilov2001,260,,
560,hunz1247,Hunzib,,,tɬ’,кь,consonant,isakovxalilov2001,260,,
561,hunz1247,Hunzib,,,ɬ,лъ,consonant,isakovxalilov2001,260,,
562,hunz1247,Hunzib,,,ʕ,гI,consonant,isakovxalilov2001,260,,
563,hunz1247,Hunzib,,,ħ,хI,consonant,isakovxalilov2001,260,,
564,hunz1247,Hunzib,,,h,гь,consonant,isakovxalilov2001,260,,
565,hunz1247,Hunzib,,,ʔ,ъ,consonant,isakovxalilov2001,260,,
566,khva1239,Khwarshi,,,b,b,consonant,khalilova2009,13,,
567,khva1239,Khwarshi,,,p,p,consonant,khalilova2009,13,,
568,khva1239,Khwarshi,,,p’,p’,consonant,khalilova2009,13,,
569,khva1239,Khwarshi,,,bˤ,bˤ,consonant,khalilova2009,13,,
570,khva1239,Khwarshi,,,pˤ,pˤ,consonant,khalilova2009,13,,
571,khva1239,Khwarshi,,,p’ˤ,p’ˤ,consonant,khalilova2009,13,,
572,khva1239,Khwarshi,,,m,m,consonant,khalilova2009,13,,
573,khva1239,Khwarshi,,,w,w,consonant,khalilova2009,13,,
574,khva1239,Khwarshi,,,mˤ,mˤ,consonant,khalilova2009,13,,
575,khva1239,Khwarshi,,,d,d,consonant,khalilova2009,13,,
576,khva1239,Khwarshi,,,t,t,consonant,khalilova2009,13,,
577,khva1239,Khwarshi,,,t’,t’,consonant,khalilova2009,13,,
578,khva1239,Khwarshi,,,ts,c,consonant,khalilova2009,13,,
579,khva1239,Khwarshi,,,ts’,c’,consonant,khalilova2009,13,,
580,khva1239,Khwarshi,,,z,z,consonant,khalilova2009,13,,
581,khva1239,Khwarshi,,,s,s,consonant,khalilova2009,13,,
582,khva1239,Khwarshi,,,n,n,consonant,khalilova2009,13,,
583,khva1239,Khwarshi,,,r,r,consonant,khalilova2009,13,,
584,khva1239,Khwarshi,,,dʷ,dʷ,consonant,khalilova2009,13,,
585,khva1239,Khwarshi,,,t’ʷ,t’ʷ,consonant,khalilova2009,13,,
586,khva1239,Khwarshi,,,ts’ʷ,c’ʷ,consonant,khalilova2009,13,,
587,khva1239,Khwarshi,,,zʷ,zʷ,consonant,khalilova2009,13,,
588,khva1239,Khwarshi,,,sʷ,sʷ,consonant,khalilova2009,13,,
589,khva1239,Khwarshi,,,tʃ,č,consonant,khalilova2009,13,,
590,khva1239,Khwarshi,,,tʃ’,č’,consonant,khalilova2009,13,,
591,khva1239,Khwarshi,,,ʒ,ž,consonant,khalilova2009,13,,
592,khva1239,Khwarshi,,,ʃ,š,consonant,khalilova2009,13,,
593,khva1239,Khwarshi,,,j,y,consonant,khalilova2009,13,,
594,khva1239,Khwarshi,,,tʃ’ʷ,č’ʷ,consonant,khalilova2009,13,,
595,khva1239,Khwarshi,,,ʒʷ,žʷ,consonant,khalilova2009,13,,
596,khva1239,Khwarshi,,,ʃʷ,šʷ,consonant,khalilova2009,13,,
597,khva1239,Khwarshi,,,tɬ,λ,consonant,khalilova2009,13,,
598,khva1239,Khwarshi,,,tɬ’,λ’,consonant,khalilova2009,13,,
599,khva1239,Khwarshi,,,ɬ,ł,consonant,khalilova2009,13,,
600,khva1239,Khwarshi,,,l,l,consonant,khalilova2009,13,,
601,khva1239,Khwarshi,,,lʲ,lʲ,consonant,khalilova2009,13,,
602,khva1239,Khwarshi,,,tɬ’ʷ,λ’ʷ,consonant,khalilova2009,13,,
603,khva1239,Khwarshi,,,ɡ,g,consonant,khalilova2009,13,,
604,khva1239,Khwarshi,,,k,k,consonant,khalilova2009,13,,
605,khva1239,Khwarshi,,,k’,k’,consonant,khalilova2009,13,,
606,khva1239,Khwarshi,,,x,x̌,consonant,khalilova2009,13,,
607,khva1239,Khwarshi,,,ɡˤ,gˤ,consonant,khalilova2009,13,,
608,khva1239,Khwarshi,,,kˤ,kˤ,consonant,khalilova2009,13,,
609,khva1239,Khwarshi,,,k’ˤ,k’ˤ,consonant,khalilova2009,13,,
610,khva1239,Khwarshi,,,ɡʷ,gʷ,consonant,khalilova2009,13,,
611,khva1239,Khwarshi,,,kʷ,kʷ,consonant,khalilova2009,13,,
612,khva1239,Khwarshi,,,k’ʷ,k’ʷ,consonant,khalilova2009,13,,
613,khva1239,Khwarshi,,,q,q,consonant,khalilova2009,13,,
614,khva1239,Khwarshi,,,q’,q’,consonant,khalilova2009,13,,
615,khva1239,Khwarshi,,,ʁ,ɣ,consonant,khalilova2009,13,,
616,khva1239,Khwarshi,,,χ,x,consonant,khalilova2009,13,,
617,khva1239,Khwarshi,,,qˤ,qˤ,consonant,khalilova2009,13,,
618,khva1239,Khwarshi,,,q’ˤ,q’ˤ,consonant,khalilova2009,13,,
619,khva1239,Khwarshi,,,ʁˤ,ɣˤ,consonant,khalilova2009,13,,
620,khva1239,Khwarshi,,,ˤχ,xˤ,consonant,khalilova2009,13,,
621,khva1239,Khwarshi,,,qʷ,qʷ,consonant,khalilova2009,13,,
622,khva1239,Khwarshi,,,q’ʷ,q’ʷ,consonant,khalilova2009,13,,
623,khva1239,Khwarshi,,,ʷʁ,ɣʷ,consonant,khalilova2009,13,,
624,khva1239,Khwarshi,,,ʷχ,xʷ,consonant,khalilova2009,13,,
625,khva1239,Khwarshi,,,q’ˤʷ,q’ˤʷ,consonant,khalilova2009,13,,
626,khva1239,Khwarshi,,,ʁˤʷ,ɣˤʷ,consonant,khalilova2009,13,,
627,khva1239,Khwarshi,,,ˤχʷ,xˤʷ,consonant,khalilova2009,13,,
628,khva1239,Khwarshi,,,ʕ,ʕ,consonant,khalilova2009,13,,
629,khva1239,Khwarshi,,,ħ,ħ,consonant,khalilova2009,13,,
630,khva1239,Khwarshi,,,h,h,consonant,khalilova2009,13,,
631,khva1239,Khwarshi,,,hˤ,hˤ,consonant,khalilova2009,13,,
632,khva1239,Khwarshi,,,i,i,vowel,khalilova2009,23,,
633,khva1239,Khwarshi,,,iⁿ,iⁿ,vowel,khalilova2009,23,,
634,khva1239,Khwarshi,,,iː,ī,vowel,khalilova2009,23,,
635,khva1239,Khwarshi,,,e,e,vowel,khalilova2009,23,,
636,khva1239,Khwarshi,,,eⁿ,eⁿ,vowel,khalilova2009,23,,
637,khva1239,Khwarshi,,,eː,ē,vowel,khalilova2009,23,,
638,khva1239,Khwarshi,,,eːⁿ,ēⁿ,vowel,khalilova2009,23,,
639,khva1239,Khwarshi,,,ɨ,ɨ,vowel,khalilova2009,23,,
640,khva1239,Khwarshi,,,ɨː,ɨ̄,vowel,khalilova2009,23,,
641,khva1239,Khwarshi,,,a,a,vowel,khalilova2009,23,,
642,khva1239,Khwarshi,,,aⁿ,aⁿ,vowel,khalilova2009,23,,
643,khva1239,Khwarshi,,,aː,ā,vowel,khalilova2009,23,,
644,khva1239,Khwarshi,,,aːⁿ,āⁿ,vowel,khalilova2009,23,,
645,khva1239,Khwarshi,,,u,u,vowel,khalilova2009,23,,
646,khva1239,Khwarshi,,,uⁿ,uⁿ,vowel,khalilova2009,23,,
647,khva1239,Khwarshi,,,uː,ū,vowel,khalilova2009,23,,
648,khva1239,Khwarshi,,,uːⁿ,ūⁿ,vowel,khalilova2009,23,,
649,khva1239,Khwarshi,,,o,o,vowel,khalilova2009,23,,
650,khva1239,Khwarshi,,,oⁿ,oⁿ,vowel,khalilova2009,23,,
651,khva1239,Khwarshi,,,oː,ō,vowel,khalilova2009,23,,
652,khva1239,Khwarshi,,,oːⁿ,ōⁿ,vowel,khalilova2009,23,,
653,avar1256,Avar,,,b,б,consonant,alekseevataev1997,35,,
654,avar1256,Avar,,,p,п,consonant,alekseevataev1997,35,,
655,avar1256,Avar,,,w,в,consonant,alekseevataev1997,35,,
656,avar1256,Avar,,,d,д,consonant,alekseevataev1997,35,,
657,avar1256,Avar,,,t,т,consonant,alekseevataev1997,35,,
658,avar1256,Avar,,,t’,тI,consonant,alekseevataev1997,35,,
659,avar1256,Avar,,,tsː,цц,consonant,alekseevataev1997,35,,
660,avar1256,Avar,,,ts,ц,consonant,alekseevataev1997,35,,
661,avar1256,Avar,,,ts’ː,ццI,consonant,alekseevataev1997,35,,
662,avar1256,Avar,,,ts’,цI,consonant,alekseevataev1997,35,,
663,avar1256,Avar,,,z,з,consonant,alekseevataev1997,35,,
664,avar1256,Avar,,,sː,сс,consonant,alekseevataev1997,35,,
665,avar1256,Avar,,,s,с,consonant,alekseevataev1997,35,,
666,avar1256,Avar,,,n,н,consonant,alekseevataev1997,35,,
667,avar1256,Avar,,,tʃː,чч,consonant,alekseevataev1997,35,,
668,avar1256,Avar,,,tʃ,ч,consonant,alekseevataev1997,35,,
669,avar1256,Avar,,,tʃ’ː,ччI,consonant,alekseevataev1997,35,,
670,avar1256,Avar,,,tʃ’,чI,consonant,alekseevataev1997,35,,
671,avar1256,Avar,,,ʒ,ж,consonant,alekseevataev1997,35,,
672,avar1256,Avar,,,ʃː,щ,consonant,alekseevataev1997,35,,
673,avar1256,Avar,,,ʃ,ш,consonant,alekseevataev1997,35,,
674,avar1256,Avar,,,r,р,consonant,alekseevataev1997,35,,
675,avar1256,Avar,,,tɬ,лI,consonant,alekseevataev1997,35,,
676,avar1256,Avar,,,tɬ’,кь,consonant,alekseevataev1997,35,,
677,avar1256,Avar,,,ɬː,ллъ,consonant,alekseevataev1997,35,,
678,avar1256,Avar,,,ɬ,лъ,consonant,alekseevataev1997,35,,
679,avar1256,Avar,,,l,л,consonant,alekseevataev1997,35,,
680,avar1256,Avar,,,f,ф,consonant,alekseevataev1997,35,,
681,avar1256,Avar,,,j,й,consonant,alekseevataev1997,35,,
682,avar1256,Avar,,,ɡ,г,consonant,alekseevataev1997,35,,
683,avar1256,Avar,,,k,к,consonant,alekseevataev1997,35,,
684,avar1256,Avar,,,k’,кI,consonant,alekseevataev1997,35,,
685,avar1256,Avar,,,kː,кк,consonant,alekseevataev1997,35,,
686,avar1256,Avar,,,k’ː,ккI,consonant,alekseevataev1997,35,,
687,avar1256,Avar,,,x,хь,consonant,alekseevataev1997,35,,
688,avar1256,Avar,,,qχ,хъ,consonant,alekseevataev1997,35,,
689,avar1256,Avar,,,qχ’,къ,consonant,alekseevataev1997,35,,
690,avar1256,Avar,,,ʁ,гъ,consonant,alekseevataev1997,35,,
691,avar1256,Avar,,,χː,хх,consonant,alekseevataev1997,35,,
692,avar1256,Avar,,,χ,х,consonant,alekseevataev1997,35,,
693,avar1256,Avar,,,ʡ,Ц,consonant,alekseevataev1997,35,,
694,avar1256,Avar,,,ʕ,гI,consonant,alekseevataev1997,35,,
695,avar1256,Avar,,,ħ,хI,consonant,alekseevataev1997,35,,
696,avar1256,Avar,,,ʔ,ъ,consonant,alekseevataev1997,35,,
697,avar1256,Avar,,,h,гь,consonant,alekseevataev1997,35,,
698,avar1256,Avar,,,i,и,vowel,alekseevataev1997,36,,
699,avar1256,Avar,,,e,э,vowel,alekseevataev1997,36,,
700,avar1256,Avar,,,a,а,vowel,alekseevataev1997,36,,
701,avar1256,Avar,,,u,у,vowel,alekseevataev1997,36,,
702,avar1256,Avar,,,o,о,vowel,alekseevataev1997,36,,
703,botl1242,Botlikh,,,b,b,consonant,alexeyevverheesdraft2020,,,
704,botl1242,Botlikh,,,d,d,consonant,alexeyevverheesdraft2020,,,
705,botl1242,Botlikh,,,dʒ,ǯ,consonant,alexeyevverheesdraft2020,,,
706,botl1242,Botlikh,,,ɡ,g,consonant,alexeyevverheesdraft2020,,,
707,botl1242,Botlikh,,,h,h,consonant,alexeyevverheesdraft2020,,,
708,botl1242,Botlikh,,,ħ,ħ,consonant,alexeyevverheesdraft2020,,,
709,botl1242,Botlikh,,,j,j,consonant,alexeyevverheesdraft2020,,,
710,botl1242,Botlikh,,,k’,k’,consonant,alexeyevverheesdraft2020,,,
711,botl1242,Botlikh,,,k’ː,k’:,consonant,alexeyevverheesdraft2020,,,
712,botl1242,Botlikh,,,kː,k:,consonant,alexeyevverheesdraft2020,,,
713,botl1242,Botlikh,,,kʰ,k,consonant,alexeyevverheesdraft2020,,,
714,botl1242,Botlikh,,,l,l,consonant,alexeyevverheesdraft2020,,,
715,botl1242,Botlikh,,,ɬ,ɬ,consonant,alexeyevverheesdraft2020,,,
716,botl1242,Botlikh,,,ɬː,ɬ:,consonant,alexeyevverheesdraft2020,,,
717,botl1242,Botlikh,,,m,m,consonant,alexeyevverheesdraft2020,,,
718,botl1242,Botlikh,,,n,n,consonant,alexeyevverheesdraft2020,,,
719,botl1242,Botlikh,,,pʰ,p,consonant,alexeyevverheesdraft2020,,,
720,botl1242,Botlikh,,,q’,q’,consonant,alexeyevverheesdraft2020,,,
721,botl1242,Botlikh,,,qʰ,q,consonant,alexeyevverheesdraft2020,,,
722,botl1242,Botlikh,,,r,r,consonant,alexeyevverheesdraft2020,,,
723,botl1242,Botlikh,,,ʁ,ʁ,consonant,alexeyevverheesdraft2020,,,
724,botl1242,Botlikh,,,s,s,consonant,alexeyevverheesdraft2020,,,
725,botl1242,Botlikh,,,sː,s:,consonant,alexeyevverheesdraft2020,,,
726,botl1242,Botlikh,,,ʃ,ʃ,consonant,alexeyevverheesdraft2020,,,
727,botl1242,Botlikh,,,ʃː,ʃ:,consonant,alexeyevverheesdraft2020,,,
728,botl1242,Botlikh,,,t’,t’,consonant,alexeyevverheesdraft2020,,,
729,botl1242,Botlikh,,,tʰ,t,consonant,alexeyevverheesdraft2020,,,
730,botl1242,Botlikh,,,tɬ,ƛ,consonant,alexeyevverheesdraft2020,,,
731,botl1242,Botlikh,,,tɬ’,ƛ’,consonant,alexeyevverheesdraft2020,,,
732,botl1242,Botlikh,,,ts,c,consonant,alexeyevverheesdraft2020,,,
733,botl1242,Botlikh,,,ts’,c’,consonant,alexeyevverheesdraft2020,,,
734,botl1242,Botlikh,,,ts’ː,c’ː,consonant,alexeyevverheesdraft2020,,,
735,botl1242,Botlikh,,,tsː,cː,consonant,alexeyevverheesdraft2020,,,
736,botl1242,Botlikh,,,tʃ,č’,consonant,alexeyevverheesdraft2020,,,
737,botl1242,Botlikh,,,tʃ’,č’,consonant,alexeyevverheesdraft2020,,,
738,botl1242,Botlikh,,,tʃ’ː,č’ː,consonant,alexeyevverheesdraft2020,,,
739,botl1242,Botlikh,,,tʃː,čː,consonant,alexeyevverheesdraft2020,,,
740,botl1242,Botlikh,,,w,w,consonant,alexeyevverheesdraft2020,,,
741,botl1242,Botlikh,,,x,x,consonant,alexeyevverheesdraft2020,,,
742,botl1242,Botlikh,,,ʒ,ž,consonant,alexeyevverheesdraft2020,,,
743,botl1242,Botlikh,,,ʔ,ʔ,consonant,alexeyevverheesdraft2020,,,
744,botl1242,Botlikh,,,ʕ,ʕ,consonant,alexeyevverheesdraft2020,,,
745,botl1242,Botlikh,,,χ,χ,consonant,alexeyevverheesdraft2020,,,
746,botl1242,Botlikh,,,χː,χ:,consonant,alexeyevverheesdraft2020,,,
747,botl1242,Botlikh,,,a,a,vowel,alexeyevverheesdraft2020,,,
748,botl1242,Botlikh,,,aⁿ,ã,vowel,alexeyevverheesdraft2020,,,
749,botl1242,Botlikh,,,e,e,vowel,alexeyevverheesdraft2020,,,
750,botl1242,Botlikh,,,eⁿ,ẽ,vowel,alexeyevverheesdraft2020,,,
751,botl1242,Botlikh,,,I,I,vowel,alexeyevverheesdraft2020,,,
752,botl1242,Botlikh,,,iⁿ,ĩ,vowel,alexeyevverheesdraft2020,,,
753,botl1242,Botlikh,,,o,o,vowel,alexeyevverheesdraft2020,,,
754,botl1242,Botlikh,,,oⁿ,õ,vowel,alexeyevverheesdraft2020,,,
755,botl1242,Botlikh,,,u,u,vowel,alexeyevverheesdraft2020,,,
756,botl1242,Botlikh,,,uⁿ,ũ,vowel,alexeyevverheesdraft2020,,,
757,bagv1239,Bagvalal,,,b,b,consonant,kibrik2001,35--46,,
758,bagv1239,Bagvalal,,,d,d,consonant,kibrik2001,35--46,,
759,bagv1239,Bagvalal,,,dʷ,d˳,consonant,kibrik2001,35--46,,
760,bagv1239,Bagvalal,,,dʒ,ǯ,consonant,kibrik2001,35--46,,
761,bagv1239,Bagvalal,,,ɡ,ɡ,consonant,kibrik2001,35--46,,
762,bagv1239,Bagvalal,,,ɡʷ,g˳,consonant,kibrik2001,35--46,,
763,bagv1239,Bagvalal,,,h,h,consonant,kibrik2001,35--46,,
764,bagv1239,Bagvalal,,,hʷ,h˳,consonant,kibrik2001,35--46,,
765,bagv1239,Bagvalal,,,ʜ,ʜ,consonant,kibrik2001,35--46,,
766,bagv1239,Bagvalal,,,j,j,consonant,kibrik2001,35--46,,
767,bagv1239,Bagvalal,,,k’,k’,consonant,kibrik2001,35--46,,
768,bagv1239,Bagvalal,,,k’ʷ,k’˳,consonant,kibrik2001,35--46,,
769,bagv1239,Bagvalal,,,kʰ,k,consonant,kibrik2001,35--46,,
770,bagv1239,Bagvalal,,,kʰʷ,k˳,consonant,kibrik2001,35--46,,
771,bagv1239,Bagvalal,,,l,l,consonant,kibrik2001,35--46,,
772,bagv1239,Bagvalal,,,ɬ,ł,consonant,kibrik2001,35--46,,
773,bagv1239,Bagvalal,,,ɬː,ł̄,consonant,kibrik2001,35--46,,
774,bagv1239,Bagvalal,,,m,m,consonant,kibrik2001,35--46,,
775,bagv1239,Bagvalal,,,n,n,consonant,kibrik2001,35--46,,
776,bagv1239,Bagvalal,,,pʰ,p,consonant,kibrik2001,35--46,,
777,bagv1239,Bagvalal,,,q’,q’,consonant,kibrik2001,35--46,,
778,bagv1239,Bagvalal,,,q’ʷ,q’˳,consonant,kibrik2001,35--46,,
779,bagv1239,Bagvalal,,,qʰ,q,consonant,kibrik2001,35--46,,
780,bagv1239,Bagvalal,,,qʰʷ,q˳,consonant,kibrik2001,35--46,,
781,bagv1239,Bagvalal,,,r,r,consonant,kibrik2001,35--46,,
782,bagv1239,Bagvalal,,,rʷ,R˳,consonant,kibrik2001,35--46,,
783,bagv1239,Bagvalal,,,ʁ,R,consonant,kibrik2001,35--46,,
784,bagv1239,Bagvalal,,,ʁʷ,R˳,consonant,kibrik2001,35--46,,
785,bagv1239,Bagvalal,,,s,s,consonant,kibrik2001,35--46,,
786,bagv1239,Bagvalal,,,s’,s’,consonant,kibrik2001,35--46,,
787,bagv1239,Bagvalal,,,s’ʷ,s’˳,consonant,kibrik2001,35--46,,
788,bagv1239,Bagvalal,,,sː,s̄,consonant,kibrik2001,35--46,,
789,bagv1239,Bagvalal,,,sːʷ,s̄˳,consonant,kibrik2001,35--46,,
790,bagv1239,Bagvalal,,,sʷ,s˳,consonant,kibrik2001,35--46,,
791,bagv1239,Bagvalal,,,ʃ,š,consonant,kibrik2001,35--46,,
792,bagv1239,Bagvalal,,,ʃ’,š’,consonant,kibrik2001,35--46,,
793,bagv1239,Bagvalal,,,ʃ’ʷ,š˳,consonant,kibrik2001,35--46,,
794,bagv1239,Bagvalal,,,ʃː,š̄,consonant,kibrik2001,35--46,,
795,bagv1239,Bagvalal,,,ʃʷ,š˳,consonant,kibrik2001,35--46,,
796,bagv1239,Bagvalal,,,t’,t’,consonant,kibrik2001,35--46,,
797,bagv1239,Bagvalal,,,t’ʷ,t’˳,consonant,kibrik2001,35--46,,
798,bagv1239,Bagvalal,,,tʰ,t,consonant,kibrik2001,35--46,,
799,bagv1239,Bagvalal,,,tʰʷ,t˳,consonant,kibrik2001,35--46,,
800,bagv1239,Bagvalal,,,tɬ’,L’,consonant,kibrik2001,35--46,,
801,bagv1239,Bagvalal,,,tɬ’ʷ,L˳,consonant,kibrik2001,35--46,,
802,bagv1239,Bagvalal,,,ts,c,consonant,kibrik2001,35--46,,
803,bagv1239,Bagvalal,,,ts’,c’,consonant,kibrik2001,35--46,,
804,bagv1239,Bagvalal,,,ts’ʷ,c’˳,consonant,kibrik2001,35--46,,
805,bagv1239,Bagvalal,,,tsʷ,c˳,consonant,kibrik2001,35--46,,
806,bagv1239,Bagvalal,,,tʃ’,č’,consonant,kibrik2001,35--46,,
807,bagv1239,Bagvalal,,,tʃ’ʷ,č’˳,consonant,kibrik2001,35--46,,
808,bagv1239,Bagvalal,,,tʃʰ,č,consonant,kibrik2001,35--46,,
809,bagv1239,Bagvalal,,,tʃʰʷ,č˳,consonant,kibrik2001,35--46,,
810,bagv1239,Bagvalal,,,w,w,consonant,kibrik2001,35--46,,
811,bagv1239,Bagvalal,,,x,x,consonant,kibrik2001,35--46,,
812,bagv1239,Bagvalal,,,z,z,consonant,kibrik2001,35--46,,
813,bagv1239,Bagvalal,,,zʷ,z˳,consonant,kibrik2001,35--46,,
814,bagv1239,Bagvalal,,,ʒ,ž,consonant,kibrik2001,35--46,,
815,bagv1239,Bagvalal,,,ʒʷ,ž˳,consonant,kibrik2001,35--46,,
816,bagv1239,Bagvalal,,,ʔ,ʔ,consonant,kibrik2001,35--46,,
817,bagv1239,Bagvalal,,,ʢ,ʕ,consonant,kibrik2001,35--46,,
818,bagv1239,Bagvalal,,,χ,X,consonant,kibrik2001,35--46,,
819,bagv1239,Bagvalal,,,χː,X̄,consonant,kibrik2001,35--46,,
820,bagv1239,Bagvalal,,,χːʷ,X̄˳,consonant,kibrik2001,35--46,,
821,bagv1239,Bagvalal,,,χʷ,x˳,consonant,kibrik2001,35--46,,
822,bagv1239,Bagvalal,,,a,a,vowel,kibrik2001,35--46,,
823,bagv1239,Bagvalal,,,aː,ā,vowel,kibrik2001,35--46,,
824,bagv1239,Bagvalal,,,aːⁿ,ā̃,vowel,kibrik2001,35--46,,
825,bagv1239,Bagvalal,,,aⁿ,ã,vowel,kibrik2001,35--46,,
826,bagv1239,Bagvalal,,,e,e,vowel,kibrik2001,35--46,,
827,bagv1239,Bagvalal,,,eː,ē,vowel,kibrik2001,35--46,,
828,bagv1239,Bagvalal,,,eːⁿ,ē̃,vowel,kibrik2001,35--46,,
829,bagv1239,Bagvalal,,,eⁿ,ẽ,vowel,kibrik2001,35--46,,
830,bagv1239,Bagvalal,,,i,i,vowel,kibrik2001,35--46,,
831,bagv1239,Bagvalal,,,iː,ī,vowel,kibrik2001,35--46,,
832,bagv1239,Bagvalal,,,iːⁿ,ī̃,vowel,kibrik2001,35--46,,
833,bagv1239,Bagvalal,,,iⁿ,ĩ,vowel,kibrik2001,35--46,,
834,bagv1239,Bagvalal,,,o,o,vowel,kibrik2001,35--46,,
835,bagv1239,Bagvalal,,,oː,ō,vowel,kibrik2001,35--46,,
836,bagv1239,Bagvalal,,,oːⁿ,ō̃,vowel,kibrik2001,35--46,,
837,bagv1239,Bagvalal,,,oⁿ,õ,vowel,kibrik2001,35--46,,
838,bagv1239,Bagvalal,,,u,u,vowel,kibrik2001,35--46,,
839,bagv1239,Bagvalal,,,uː,ū,vowel,kibrik2001,35--46,,
840,bagv1239,Bagvalal,,,uːⁿ,ū̃,vowel,kibrik2001,35--46,,
841,bagv1239,Bagvalal,,,uⁿ,ũ,vowel,kibrik2001,35--46,,
